parent,child,site,snp,dimer
Node1,PP_003MAAS.2||2019,248,T->C,
Node1,PP_003MAAS.2||2019,881,C->T,AC
Node1,PP_003MAAS.2||2019,1076,A->G,
Node1,PP_003MAAS.2||2019,1101,T->C,
Node1,PP_003MAAS.2||2019,1444,G->A,GA
Node1,PP_003MAAS.2||2019,1477,T->G,
Node1,PP_003MAAS.2||2019,1483,T->C,
Node1,PP_003MAAS.2||2019,1597,A->G,
Node1,PP_003MAAS.2||2019,1616,A->G,
Node1,PP_003MAAS.2||2019,1728,A->G,
Node1,PP_003MAAS.2||2019,1842,G->A,GC
Node1,PP_003MAAS.2||2019,2242,G->A,GA
Node1,PP_003MAAS.2||2019,2451,T->C,
Node1,PP_003MAAS.2||2019,2473,A->G,
Node1,PP_003MAAS.2||2019,2594,C->T,TC
Node1,PP_003MAAS.2||2019,2615,A->G,
Node1,PP_003MAAS.2||2019,2624,C->T,CC
Node1,PP_003MAAS.2||2019,3137,A->G,
Node1,PP_003MAAS.2||2019,3289,G->A,GC
Node1,PP_003MAAS.2||2019,3291,C->T,CC
Node1,PP_003MAAS.2||2019,3343,T->C,
Node1,PP_003MAAS.2||2019,3449,C->T,TC
Node1,PP_003MAAS.2||2019,3644,A->C,
Node1,PP_003MAAS.2||2019,3663,T->C,
Node1,PP_003MAAS.2||2019,3974,A->G,
Node1,PP_003MAAS.2||2019,4034,A->G,
Node1,PP_003MAAS.2||2019,4123,G->A,GT
Node1,PP_003MAAS.2||2019,4190,T->G,
Node1,PP_003MAAS.2||2019,4274,T->C,
Node1,PP_003MAAS.2||2019,4362,T->C,
Node1,PP_003MAAS.2||2019,4539,C->T,AC
Node1,PP_003MAAS.2||2019,4612,A->C,
Node1,PP_003MAAS.2||2019,4630,G->A,GT
Node1,PP_003MAAS.2||2019,4655,A->G,
Node1,PP_003MAAS.2||2019,4706,C->T,GC
Node1,PP_003MAAS.2||2019,4710,T->C,
Node1,PP_003MAAS.2||2019,4791,C->T,AC
Node1,PP_003MAAS.2||2019,4800,T->C,
Node1,PP_003MAAS.2||2019,4954,G->A,GG
Node1,PP_003MAAS.2||2019,5071,G->A,GG
Node1,PP_003MAAS.2||2019,5179,C->T,AC
Node1,PP_003MAAS.2||2019,5208,T->C,
Node1,PP_003MAAS.2||2019,5275,A->G,
Node1,PP_003MAAS.2||2019,5298,A->G,
Node1,PP_003MAAS.2||2019,5359,A->G,
Node1,PP_003MAAS.2||2019,5396,A->G,
Node1,PP_003MAAS.2||2019,5496,C->A,
Node1,PP_003MAAS.2||2019,5520,C->A,
Node1,PP_003MAAS.2||2019,5769,A->G,
Node1,PP_003MAAS.2||2019,5898,T->C,
Node1,PP_003MAAS.2||2019,6072,A->G,
Node1,PP_003MAAS.2||2019,6237,A->G,
Node1,PP_003MAAS.2||2019,6283,G->T,
Node1,PP_003MAAS.2||2019,6309,T->C,
Node1,PP_003MAAS.2||2019,6495,T->C,
Node1,PP_003MAAS.2||2019,6552,T->C,
Node1,PP_003MAAS.2||2019,6600,G->A,GT
Node1,PP_003MAAS.2||2019,6713,G->A,GC
Node1,PP_003MAAS.2||2019,6846,T->G,
Node1,PP_003MAAS.2||2019,6885,A->G,
Node1,PP_003MAAS.2||2019,6888,G->A,GG
Node1,PP_003MAAS.2||2019,6907,C->T,AC
Node1,PP_003MAAS.2||2019,7135,G->A,GT
Node1,PP_003MAAS.2||2019,7149,C->T,CC
Node1,PP_003MAAS.2||2019,7165,A->G,
Node1,PP_003MAAS.2||2019,7199,G->A,GT
Node1,PP_003MAAS.2||2019,7219,G->A,GG
Node1,PP_003MAAS.2||2019,7228,G->A,GT
Node1,PP_003MAAS.2||2019,7233,G->A,GG
Node1,PP_003MAAS.2||2019,7243,A->T,
Node1,PP_003MAAS.2||2019,7318,C->T,CC
Node1,PP_003MAAS.2||2019,7324,T->C,
Node1,PP_003MAAS.2||2019,7573,C->T,AC
Node1,PP_003MAAS.2||2019,7660,G->A,GT
Node1,PP_003MAAS.2||2019,8056,T->C,
Node1,PP_003MAAS.2||2019,8063,C->T,TC
Node1,PP_003MAAS.2||2019,8070,T->C,
Node1,PP_003MAAS.2||2019,8119,C->T,AC
Node1,PP_003MAAS.2||2019,8347,T->G,
Node1,PP_003MAAS.2||2019,8380,A->C,
Node1,PP_003MAAS.2||2019,8440,T->C,
Node1,PP_003MAAS.2||2019,8507,T->C,
Node1,PP_003MAAS.2||2019,8551,T->C,
Node1,PP_003MAAS.2||2019,8827,A->T,
Node1,PP_003MAAS.2||2019,8857,T->C,
Node1,PP_003MAAS.2||2019,8950,A->G,
Node1,PP_003MAAS.2||2019,9007,T->C,
Node1,PP_003MAAS.2||2019,9147,C->T,AC
Node1,PP_003MAAS.2||2019,9156,T->C,
Node1,PP_003MAAS.2||2019,9159,A->G,
Node1,PP_003MAAS.2||2019,9311,A->G,
Node1,PP_003MAAS.2||2019,9551,T->C,
Node1,PP_003MAAS.2||2019,9647,A->C,
Node1,PP_003MAAS.2||2019,9689,G->A,GG
Node1,PP_003MAAS.2||2019,9917,C->T,TC
Node1,PP_003MAAS.2||2019,10161,A->G,
Node1,PP_003MAAS.2||2019,10467,A->T,
Node1,PP_003MAAS.2||2019,10496,C->T,TC
Node1,PP_003MAAS.2||2019,10916,G->A,GA
Node1,PP_003MAAS.2||2019,11101,A->G,
Node1,PP_003MAAS.2||2019,11114,C->A,
Node1,PP_003MAAS.2||2019,11115,A->G,
Node1,PP_003MAAS.2||2019,11171,T->C,
Node1,PP_003MAAS.2||2019,11270,C->T,TC
Node1,PP_003MAAS.2||2019,11306,G->A,GT
Node1,PP_003MAAS.2||2019,11549,T->G,
Node1,PP_003MAAS.2||2019,12017,T->C,
Node1,PP_003MAAS.2||2019,12482,G->A,GG
Node1,PP_003MAAS.2||2019,12767,A->C,
Node1,PP_003MAAS.2||2019,12782,G->A,GT
Node1,PP_003MAAS.2||2019,12929,C->T,GC
Node1,PP_003MAAS.2||2019,13106,A->G,
Node1,PP_003MAAS.2||2019,13247,C->T,TC
Node1,PP_003MAAS.2||2019,13304,C->T,CC
Node1,PP_003MAAS.2||2019,13874,T->G,
Node1,PP_003MAAS.2||2019,13943,T->C,
Node1,PP_003MAAS.2||2019,14132,A->G,
Node1,PP_003MAAS.2||2019,14387,C->T,TC
Node1,PP_003MAAS.2||2019,14413,A->G,
Node1,PP_003MAAS.2||2019,14582,T->C,
Node1,PP_003MAAS.2||2019,14639,G->A,GA
Node1,PP_003MAAS.2||2019,14978,G->A,GA
Node1,PP_003MAAS.2||2019,15461,C->T,GC
Node1,PP_003MAAS.2||2019,15695,C->T,GC
Node1,PP_003MAAS.2||2019,15698,A->G,
Node1,PP_003MAAS.2||2019,15761,G->A,GT
Node1,PP_003MAAS.2||2019,15767,T->C,
Node1,PP_0049MEX.3|USA|2025-09-01,1403,G->A,GG
Node1,PP_0049MEX.3|USA|2025-09-01,1859,C->T,GC
Node1,PP_0049MEX.3|USA|2025-09-01,3353,A->G,
Node1,PP_0049MEX.3|USA|2025-09-01,3427,C->T,CC
Node1,PP_0049MEX.3|USA|2025-09-01,4265,T->C,
Node1,PP_0049MEX.3|USA|2025-09-01,4485,T->C,
Node1,PP_0049MEX.3|USA|2025-09-01,4639,T->C,
Node1,PP_0049MEX.3|USA|2025-09-01,4678,G->A,GG
Node1,PP_0049MEX.3|USA|2025-09-01,5073,G->C,
Node1,PP_0049MEX.3|USA|2025-09-01,5112,C->A,
Node1,PP_0049MEX.3|USA|2025-09-01,5311,G->A,GC
Node1,PP_0049MEX.3|USA|2025-09-01,5524,G->T,
Node1,PP_0049MEX.3|USA|2025-09-01,7129,A->G,
Node1,PP_0049MEX.3|USA|2025-09-01,7399,C->T,TC
Node1,PP_0049MEX.3|USA|2025-09-01,8141,T->C,
Node1,PP_0049MEX.3|USA|2025-09-01,8312,A->G,
Node1,PP_0049MEX.3|USA|2025-09-01,8416,C->T,TC
Node1,PP_0049MEX.3|USA|2025-09-01,8713,C->T,AC
Node1,PP_0049MEX.3|USA|2025-09-01,9893,A->G,
Node1,PP_0049MEX.3|USA|2025-09-01,10209,A->G,
Node1,PP_0049MEX.3|USA|2025-09-01,10565,T->C,
Node1,PP_0049MEX.3|USA|2025-09-01,10742,T->C,
Node1,PP_0049MEX.3|USA|2025-09-01,11012,C->T,TC
Node1,PP_0049MEX.3|USA|2025-09-01,12101,A->G,
Node1,PP_0049MEX.3|USA|2025-09-01,14069,G->A,GT
Node1,PP_0049MEX.3|USA|2025-09-01,14672,T->C,
Node1,PP_0049MEX.3|USA|2025-09-01,14792,A->G,
Node1,PP_0049MEX.3|USA|2025-09-01,15704,T->C,
Node1,Node2,747,A->C,
Node1,Node2,1358,G->T,
Node1,Node2,1502,C->T,CC
Node1,Node2,1520,A->G,
Node1,Node2,1787,C->T,CC
Node1,Node2,2855,A->G,
Node1,Node2,3636,T->C,
Node1,Node2,4474,G->T,
Node1,Node2,4480,C->T,CC
Node1,Node2,4578,A->G,
Node1,Node2,4691,C->T,CC
Node1,Node2,4714,T->C,
Node1,Node2,4761,C->T,CC
Node1,Node2,4847,T->C,
Node1,Node2,5145,G->A,GA
Node1,Node2,5259,A->T,
Node1,Node2,5272,A->G,
Node1,Node2,5345,T->C,
Node1,Node2,5350,T->C,
Node1,Node2,5353,T->C,
Node1,Node2,5471,T->C,
Node1,Node2,6138,G->A,GG
Node1,Node2,6711,T->C,
Node1,Node2,6801,C->T,TC
Node1,Node2,6984,G->A,GA
Node1,Node2,7381,C->T,TC
Node1,Node2,7510,A->G,
Node1,Node2,7794,G->A,GG
Node1,Node2,8069,G->A,GT
Node1,Node2,8212,G->A,GA
Node1,Node2,8504,G->C,
Node1,Node2,9605,T->C,
Node1,Node2,9658,G->A,GG
Node1,Node2,9947,A->G,
Node1,Node2,10319,A->G,
Node1,Node2,13101,T->C,
Node1,Node2,13934,C->T,AC
Node1,Node2,14651,G->A,GT
Node2,Node3,3087,C->T,CC
Node2,Node3,5394,T->C,
Node2,Node3,5398,T->C,
Node2,Node3,5409,T->C,
Node2,Node3,5465,T->C,
Node2,Node3,5498,T->C,
Node2,Node3,5550,T->C,
Node2,Node3,5570,T->C,
Node2,Node3,5664,G->A,GA
Node2,Node3,8017,G->A,GA
Node2,Node3,15589,G->A,GG
Node3,Node4,1304,G->C,
Node3,Node4,6717,C->T,GC
Node3,Node4,13157,A->G,
Node4,PP_004FHLA.2|USA|2025-11-01,2760,C->T,TC
Node4,PP_004J9FN.2|USA|2026-01-01,1523,C->A,
Node4,PP_004J9FN.2|USA|2026-01-01,5617,T->C,
Node4,PP_004J9FN.2|USA|2026-01-01,8338,C->T,GC
Node4,PP_004J9FN.2|USA|2026-01-01,8680,G->A,GG
Node4,PP_004J9FN.2|USA|2026-01-01,13288,A->G,
Node4,PP_004J9FN.2|USA|2026-01-01,15855,C->A,
Node3,PP_004H7JK.2|USA|2025-12-01,1471,G->A,GG
Node3,PP_004H7JK.2|USA|2025-12-01,1689,C->T,GC
Node3,PP_004H7JK.2|USA|2025-12-01,1838,A->G,
Node3,PP_004H7JK.2|USA|2025-12-01,5721,A->G,
Node3,PP_004H7JK.2|USA|2025-12-01,11090,C->T,AC
Node3,PP_004C6JX.1|USA|2025-10-06,10730,A->G,
Node2,Node7,3989,T->C,
Node2,Node7,4001,C->T,TC
Node2,Node7,5429,C->T,CC
Node2,Node7,9147,C->A,
Node2,Node7,9210,G->A,GT
Node2,Node7,11171,T->C,
Node2,Node7,14182,T->C,
Node7,PP_004J990.2|USA|2025-12-01,3750,G->A,GC
Node7,PP_004JCGH.2|USA|2025-12-01,9619,G->T,
